{
    "order": 1, 
    "robot_pose": {
        "pos_z": 0.0, 
        "pos_x": 4.410426217876968, 
        "pos_y": 1.8694552808278833, 
        "ori_x": 0.0, 
        "ori_y": 0.0, 
        "ori_z": 0.9795785424489875, 
        "ori_w": -0.2010618789664445
    }
}